id,year,type
0,1912,Balance of Power
1,1912,Balance of Power
2,1912,Balance of Power
3,1913,Balance of Power
4,1913,Balance of Power
5,1913,Balance of Power
6,1562,Civil
7,1563,Civil
8,1521,Other
9,1522,Other
10,1523,Other
11,1524,Other
12,1525,Other
13,1521,Balance of Power
14,1521,Balance of Power
15,1522,Balance of Power
16,1522,Balance of Power
17,1523,Balance of Power
18,1523,Balance of Power
19,1524,Balance of Power
20,1524,Balance of Power
21,1525,Balance of Power
22,1525,Balance of Power
23,1526,Balance of Power
24,1526,Balance of Power
25,1913,Balance of Power
26,1913,Balance of Power
27,1913,Balance of Power
28,1856,Balance of Power
29,1856,Balance of Power
30,1857,Balance of Power
31,1857,Balance of Power
32,1858,Balance of Power
33,1858,Balance of Power
34,1859,Balance of Power
35,1859,Balance of Power
36,1860,Balance of Power
37,1860,Balance of Power
38,1536,Balance of Power
39,1536,Balance of Power
40,1537,Balance of Power
41,1537,Balance of Power
42,1538,Balance of Power
43,1538,Balance of Power
44,1542,Balance of Power
45,1542,Balance of Power
46,1543,Balance of Power
47,1543,Balance of Power
48,1544,Balance of Power
49,1544,Balance of Power
50,1552,Balance of Power
51,1552,Balance of Power
52,1552,Balance of Power
53,1552,Balance of Power
54,1552,Balance of Power
55,1552,Balance of Power
56,1553,Balance of Power
57,1553,Balance of Power
58,1553,Balance of Power
59,1553,Balance of Power
60,1553,Balance of Power
61,1553,Balance of Power
62,1554,Balance of Power
63,1554,Balance of Power
64,1554,Balance of Power
65,1554,Balance of Power
66,1554,Balance of Power
67,1554,Balance of Power
68,1555,Balance of Power
69,1555,Balance of Power
70,1555,Balance of Power
71,1555,Balance of Power
72,1555,Balance of Power
73,1555,Balance of Power
74,1556,Balance of Power
75,1556,Balance of Power
76,1556,Balance of Power
77,1557,Balance of Power
78,1557,Balance of Power
79,1557,Balance of Power
80,1557,Balance of Power
81,1558,Balance of Power
82,1558,Balance of Power
83,1558,Balance of Power
84,1558,Balance of Power
85,1559,Balance of Power
86,1559,Balance of Power
87,1559,Balance of Power
88,1559,Balance of Power
89,1541,Imperial
90,1778,Civil
91,1779,Civil
92,1779,Civil
93,1779,Civil
94,1780,Civil
95,1780,Civil
96,1780,Civil
97,1780,Civil
98,1781,Civil
99,1781,Civil
100,1781,Civil
101,1781,Civil
102,1782,Civil
103,1782,Civil
104,1782,Civil
105,1782,Civil
106,1783,Civil
107,1783,Civil
108,1783,Civil
109,1783,Civil
110,1652,Balance of Power
111,1653,Balance of Power
112,1654,Balance of Power
113,1550,Civil
114,1550,Civil
115,1848,Balance of Power
116,1848,Balance of Power
117,1849,Balance of Power
118,1849,Balance of Power
119,1866,Balance of Power
120,1866,Balance of Power
121,1866,Balance of Power
122,1866,Balance of Power
123,1866,Balance of Power
124,1866,Balance of Power
125,1866,Balance of Power
126,1866,Balance of Power
127,1866,Balance of Power
128,1866,Balance of Power
129,1866,Balance of Power
130,1866,Balance of Power
131,1866,Balance of Power
132,1866,Balance of Power
133,1866,Balance of Power
134,1866,Balance of Power
135,1866,Balance of Power
136,1866,Balance of Power
137,1866,Balance of Power
138,1866,Balance of Power
139,1787,Balance of Power
140,1787,Balance of Power
141,1788,Balance of Power
142,1788,Balance of Power
143,1789,Balance of Power
144,1789,Balance of Power
145,1790,Balance of Power
146,1790,Balance of Power
147,1791,Balance of Power
148,1791,Balance of Power
149,1792,Balance of Power
150,1792,Balance of Power
151,1615,Balance of Power
152,1615,Balance of Power
153,1616,Balance of Power
154,1616,Balance of Power
155,1617,Balance of Power
156,1617,Balance of Power
157,1618,Balance of Power
158,1618,Balance of Power
159,1503,Other
160,1503,Other
161,1503,Other
162,1504,Other
163,1504,Other
164,1504,Other
165,1831,Civil
166,1831,Civil
167,1831,Civil
168,1831,Civil
169,1832,Civil
170,1832,Civil
171,1832,Civil
172,1832,Civil
173,1833,Civil
174,1833,Civil
175,1833,Civil
176,1833,Civil
177,1726,Balance of Power
178,1727,Balance of Power
179,1728,Balance of Power
180,1729,Balance of Power
181,1520,Imperial
182,1521,Imperial
183,1531,Imperial
184,1866,Civil
185,1866,Civil
186,1866,Civil
187,1867,Civil
188,1867,Civil
189,1867,Civil
190,1868,Civil
191,1868,Civil
192,1868,Civil
193,1869,Civil
194,1869,Civil
195,1896,Civil
196,1897,Civil
197,1898,Civil
198,1853,Balance of Power
199,1854,Balance of Power
200,1854,Balance of Power
201,1854,Balance of Power
202,1854,Balance of Power
203,1855,Balance of Power
204,1855,Balance of Power
205,1855,Balance of Power
206,1855,Balance of Power
207,1856,Balance of Power
208,1856,Balance of Power
209,1856,Balance of Power
210,1856,Balance of Power
211,1638,Balance of Power
212,1638,Balance of Power
213,1524,Balance of Power
214,1524,Balance of Power
215,1525,Balance of Power
216,1525,Balance of Power
217,1848,Balance of Power
218,1848,Balance of Power
219,1849,Balance of Power
220,1849,Balance of Power
221,1850,Balance of Power
222,1850,Balance of Power
223,1851,Balance of Power
224,1851,Balance of Power
225,1657,Balance of Power
226,1658,Balance of Power
227,1659,Balance of Power
228,1660,Balance of Power
229,1661,Balance of Power
230,1770,Balance of Power
231,1870,Balance of Power
232,1871,Balance of Power
233,1648,Balance of Power
234,1649,Balance of Power
235,1650,Balance of Power
236,1651,Balance of Power
237,1652,Balance of Power
238,1653,Balance of Power
239,1654,Balance of Power
240,1655,Balance of Power
241,1656,Balance of Power
242,1656,Balance of Power
243,1657,Balance of Power
244,1657,Balance of Power
245,1658,Balance of Power
246,1658,Balance of Power
247,1659,Balance of Power
248,1659,Balance of Power
249,1667,Balance of Power
250,1667,Balance of Power
251,1667,Balance of Power
252,1667,Balance of Power
253,1668,Balance of Power
254,1668,Balance of Power
255,1668,Balance of Power
256,1668,Balance of Power
257,1683,Balance of Power
258,1683,Balance of Power
259,1684,Balance of Power
260,1684,Balance of Power
261,1793,Other
262,1794,Other
263,1795,Other
264,1796,Other
265,1796,Other
266,1797,Other
267,1797,Other
268,1798,Other
269,1798,Other
270,1799,Other
271,1799,Other
272,1800,Other
273,1800,Other
274,1801,Other
275,1801,Other
276,1802,Other
277,1798,Other
278,1798,Other
279,1798,Other
280,1798,Other
281,1798,Other
282,1798,Other
283,1799,Other
284,1799,Other
285,1799,Other
286,1799,Other
287,1799,Other
288,1799,Other
289,1800,Other
290,1800,Other
291,1800,Other
292,1800,Other
293,1800,Other
294,1800,Other
295,1801,Other
296,1801,Other
297,1801,Other
298,1801,Other
299,1801,Other
300,1801,Other
301,1802,Other
302,1802,Other
303,1802,Other
304,1802,Other
305,1792,Other
306,1792,Other
307,1792,Other
308,1792,Other
309,1793,Other
310,1793,Other
311,1793,Other
312,1793,Other
313,1793,Other
314,1793,Other
315,1793,Other
316,1793,Other
317,1793,Other
318,1793,Other
319,1794,Other
320,1794,Other
321,1794,Other
322,1794,Other
323,1794,Other
324,1794,Other
325,1794,Other
326,1794,Other
327,1794,Other
328,1794,Other
329,1795,Other
330,1795,Other
331,1795,Other
332,1795,Other
333,1795,Other
334,1795,Other
335,1795,Other
336,1795,Other
337,1795,Other
338,1795,Other
339,1796,Other
340,1796,Other
341,1796,Other
342,1796,Other
343,1796,Other
344,1796,Other
345,1796,Other
346,1796,Other
347,1796,Other
348,1796,Other
349,1796,Other
350,1796,Other
351,1796,Other
352,1796,Other
353,1797,Other
354,1797,Other
355,1797,Other
356,1797,Other
357,1797,Other
358,1797,Other
359,1797,Other
360,1797,Other
361,1797,Other
362,1797,Other
363,1797,Other
364,1797,Other
365,1792,Other
366,1792,Other
367,1792,Other
368,1793,Other
369,1793,Other
370,1793,Other
371,1794,Other
372,1794,Other
373,1794,Other
374,1795,Other
375,1795,Other
376,1795,Other
377,1796,Other
378,1796,Other
379,1796,Other
380,1796,Other
381,1797,Other
382,1797,Other
383,1797,Other
384,1797,Other
385,1801,Other
386,1801,Other
387,1798,Other
388,1798,Other
389,1798,Other
390,1798,Other
391,1798,Other
392,1798,Other
393,1798,Other
394,1798,Other
395,1798,Other
396,1798,Other
397,1798,Other
398,1798,Other
399,1799,Other
400,1799,Other
401,1799,Other
402,1799,Other
403,1799,Other
404,1799,Other
405,1799,Other
406,1799,Other
407,1799,Other
408,1799,Other
409,1799,Other
410,1799,Other
411,1799,Other
412,1799,Other
413,1800,Other
414,1800,Other
415,1800,Other
416,1800,Other
417,1800,Other
418,1800,Other
419,1800,Other
420,1800,Other
421,1801,Other
422,1801,Other
423,1801,Other
424,1801,Other
425,1801,Other
426,1801,Other
427,1801,Other
428,1801,Other
429,1802,Other
430,1802,Other
431,1802,Other
432,1802,Other
433,1802,Other
434,1802,Other
435,1802,Other
436,1802,Other
437,1802,Other
438,1801,Other
439,1801,Other
440,1802,Other
441,1802,Other
442,1552,Balance of Power
443,1552,Balance of Power
444,1553,Balance of Power
445,1553,Balance of Power
446,1553,Balance of Power
447,1554,Balance of Power
448,1554,Balance of Power
449,1554,Balance of Power
450,1555,Balance of Power
451,1555,Balance of Power
452,1555,Balance of Power
453,1864,Balance of Power
454,1654,Balance of Power
455,1655,Balance of Power
456,1656,Balance of Power
457,1656,Balance of Power
458,1656,Balance of Power
459,1656,Balance of Power
460,1656,Balance of Power
461,1657,Balance of Power
462,1657,Balance of Power
463,1657,Balance of Power
464,1657,Balance of Power
465,1657,Balance of Power
466,1658,Balance of Power
467,1658,Balance of Power
468,1658,Balance of Power
469,1658,Balance of Power
470,1658,Balance of Power
471,1658,Balance of Power
472,1659,Balance of Power
473,1659,Balance of Power
474,1659,Balance of Power
475,1659,Balance of Power
476,1659,Balance of Power
477,1659,Balance of Power
478,1660,Balance of Power
479,1660,Balance of Power
480,1660,Balance of Power
481,1660,Balance of Power
482,1660,Balance of Power
483,1660,Balance of Power
484,1561,Balance of Power
485,1561,Balance of Power
486,1561,Balance of Power
487,1562,Balance of Power
488,1562,Balance of Power
489,1562,Balance of Power
490,1562,Balance of Power
491,1563,Balance of Power
492,1563,Balance of Power
493,1563,Balance of Power
494,1563,Balance of Power
495,1563,Balance of Power
496,1564,Balance of Power
497,1564,Balance of Power
498,1564,Balance of Power
499,1564,Balance of Power
500,1564,Balance of Power
501,1565,Balance of Power
502,1565,Balance of Power
503,1565,Balance of Power
504,1565,Balance of Power
505,1565,Balance of Power
506,1566,Balance of Power
507,1566,Balance of Power
508,1566,Balance of Power
509,1566,Balance of Power
510,1566,Balance of Power
511,1567,Balance of Power
512,1567,Balance of Power
513,1567,Balance of Power
514,1567,Balance of Power
515,1567,Balance of Power
516,1568,Balance of Power
517,1568,Balance of Power
518,1568,Balance of Power
519,1568,Balance of Power
520,1568,Balance of Power
521,1569,Balance of Power
522,1569,Balance of Power
523,1569,Balance of Power
524,1569,Balance of Power
525,1569,Balance of Power
526,1570,Balance of Power
527,1570,Balance of Power
528,1570,Balance of Power
529,1570,Balance of Power
530,1570,Balance of Power
531,1827,Civil
532,1827,Civil
533,1827,Civil
534,1827,Civil
535,1828,Civil
536,1828,Civil
537,1828,Civil
538,1828,Civil
539,1829,Civil
540,1829,Civil
541,1829,Civil
542,1829,Civil
543,1830,Civil
544,1830,Civil
545,1830,Civil
546,1830,Civil
547,1608,Other
548,1608,Other
549,1609,Other
550,1609,Other
551,1610,Other
552,1610,Other
553,1611,Other
554,1611,Other
555,1611,Other
556,1621,Civil
557,1621,Civil
558,1622,Civil
559,1622,Civil
560,1623,Civil
561,1623,Civil
562,1624,Civil
563,1624,Civil
564,1625,Civil
565,1625,Civil
566,1626,Civil
567,1627,Civil
568,1628,Civil
569,1629,Civil
570,1860,Civil
571,1860,Civil
572,1859,Civil
573,1859,Civil
574,1859,Civil
575,1495,Balance of Power
576,1496,Balance of Power
577,1497,Balance of Power
578,1498,Balance of Power
579,1499,Balance of Power
580,1500,Balance of Power
581,1500,Balance of Power
582,1501,Balance of Power
583,1501,Balance of Power
584,1501,Balance of Power
585,1502,Balance of Power
586,1502,Balance of Power
587,1502,Balance of Power
588,1503,Balance of Power
589,1503,Balance of Power
590,1503,Balance of Power
591,1504,Balance of Power
592,1504,Balance of Power
593,1504,Balance of Power
594,1863,Civil
595,1864,Civil
596,1864,Civil
597,1864,Civil
598,1820,Civil
599,1821,Civil
600,1822,Civil
601,1823,Civil
602,1824,Civil
603,1533,Balance of Power
604,1533,Balance of Power
605,1533,Balance of Power
606,1534,Balance of Power
607,1534,Balance of Power
608,1534,Balance of Power
609,1535,Balance of Power
610,1535,Balance of Power
611,1535,Balance of Power
612,1536,Balance of Power
613,1536,Balance of Power
614,1536,Balance of Power
615,1862,Balance of Power
616,1862,Other
617,1862,Other
618,1807,Other
619,1807,Other
620,1808,Other
621,1808,Other
622,1809,Other
623,1809,Other
624,1810,Other
625,1810,Other
626,1811,Other
627,1811,Other
628,1812,Other
629,1812,Other
630,1813,Other
631,1813,Other
632,1814,Other
633,1814,Other
634,1803,Other
635,1803,Other
636,1803,Other
637,1803,Other
638,1804,Other
639,1804,Other
640,1804,Other
641,1804,Other
642,1805,Other
643,1805,Other
644,1805,Other
645,1805,Other
646,1806,Other
647,1806,Other
648,1806,Other
649,1806,Other
650,1807,Other
651,1807,Other
652,1808,Other
653,1809,Other
654,1810,Other
655,1811,Other
656,1812,Other
657,1813,Other
658,1814,Other
659,1815,Other
660,1810,Other
661,1811,Other
662,1812,Other
663,1812,Other
664,1813,Other
665,1813,Other
666,1813,Other
667,1814,Other
668,1814,Other
669,1814,Other
670,1815,Other
671,1815,Other
672,1815,Other
673,1815,Other
674,1815,Other
675,1815,Other
676,1815,Other
677,1815,Other
678,1815,Other
679,1815,Other
680,1815,Other
681,1815,Other
682,1815,Other
683,1807,Other
684,1807,Other
685,1808,Other
686,1809,Other
687,1810,Other
688,1811,Other
689,1812,Other
690,1812,Other
691,1812,Other
692,1813,Other
693,1813,Other
694,1813,Other
695,1814,Other
696,1814,Other
697,1814,Other
698,1812,Other
699,1812,Other
700,1812,Other
701,1803,Other
702,1803,Other
703,1803,Other
704,1803,Other
705,1803,Other
706,1803,Other
707,1803,Other
708,1803,Other
709,1804,Other
710,1804,Other
711,1804,Other
712,1804,Other
713,1804,Other
714,1804,Other
715,1804,Other
716,1804,Other
717,1805,Other
718,1805,Other
719,1805,Other
720,1805,Other
721,1805,Other
722,1805,Other
723,1805,Other
724,1805,Other
725,1806,Other
726,1806,Other
727,1806,Other
728,1806,Other
729,1806,Other
730,1806,Other
731,1806,Other
732,1806,Other
733,1807,Other
734,1807,Other
735,1808,Other
736,1809,Other
737,1810,Other
738,1811,Other
739,1812,Other
740,1812,Other
741,1812,Other
742,1813,Other
743,1813,Other
744,1813,Other
745,1814,Other
746,1814,Other
747,1814,Other
748,1808,Other
749,1809,Other
750,1810,Other
751,1811,Other
752,1812,Other
753,1812,Other
754,1812,Other
755,1813,Other
756,1813,Other
757,1813,Other
758,1814,Other
759,1814,Other
760,1814,Other
761,1809,Other
762,1809,Other
763,1806,Other
764,1806,Other
765,1806,Other
766,1806,Other
767,1807,Other
768,1807,Other
769,1813,Other
770,1813,Other
771,1813,Other
772,1813,Other
773,1813,Other
774,1813,Other
775,1813,Other
776,1813,Other
777,1813,Other
778,1814,Other
779,1814,Other
780,1814,Other
781,1814,Other
782,1814,Other
783,1814,Other
784,1814,Other
785,1814,Other
786,1814,Other
787,1814,Other
788,1814,Other
789,1814,Other
790,1803,Other
791,1803,Other
792,1803,Other
793,1803,Other
794,1803,Other
795,1803,Other
796,1803,Other
797,1803,Other
798,1804,Other
799,1804,Other
800,1804,Other
801,1804,Other
802,1804,Other
803,1804,Other
804,1804,Other
805,1804,Other
806,1804,Other
807,1804,Other
808,1804,Other
809,1804,Other
810,1804,Other
811,1804,Other
812,1804,Other
813,1804,Other
814,1805,Other
815,1805,Other
816,1805,Other
817,1805,Other
818,1805,Other
819,1805,Other
820,1805,Other
821,1805,Other
822,1805,Other
823,1805,Other
824,1805,Other
825,1805,Other
826,1805,Other
827,1805,Other
828,1805,Other
829,1805,Other
830,1805,Other
831,1805,Other
832,1805,Other
833,1805,Other
834,1805,Other
835,1805,Other
836,1805,Other
837,1805,Other
838,1806,Other
839,1806,Other
840,1806,Other
841,1806,Other
842,1806,Other
843,1806,Other
844,1806,Other
845,1806,Other
846,1806,Other
847,1806,Other
848,1806,Other
849,1806,Other
850,1806,Other
851,1806,Other
852,1806,Other
853,1806,Other
854,1806,Other
855,1806,Other
856,1806,Other
857,1806,Other
858,1807,Other
859,1807,Other
860,1516,Other
861,1688,Balance of Power
862,1688,Balance of Power
863,1688,Balance of Power
864,1688,Balance of Power
865,1689,Balance of Power
866,1689,Balance of Power
867,1689,Balance of Power
868,1689,Balance of Power
869,1690,Balance of Power
870,1690,Balance of Power
871,1690,Balance of Power
872,1690,Balance of Power
873,1691,Balance of Power
874,1691,Balance of Power
875,1691,Balance of Power
876,1691,Balance of Power
877,1692,Balance of Power
878,1692,Balance of Power
879,1692,Balance of Power
880,1692,Balance of Power
881,1693,Balance of Power
882,1693,Balance of Power
883,1693,Balance of Power
884,1693,Balance of Power
885,1694,Balance of Power
886,1694,Balance of Power
887,1694,Balance of Power
888,1694,Balance of Power
889,1695,Balance of Power
890,1695,Balance of Power
891,1695,Balance of Power
892,1695,Balance of Power
893,1696,Balance of Power
894,1696,Balance of Power
895,1696,Balance of Power
896,1696,Balance of Power
897,1697,Balance of Power
898,1697,Balance of Power
899,1697,Balance of Power
900,1697,Balance of Power
901,1499,Defensive
902,1500,Defensive
903,1501,Defensive
904,1502,Defensive
905,1503,Defensive
906,1512,Balance of Power
907,1513,Balance of Power
908,1514,Balance of Power
909,1515,Balance of Power
910,1516,Balance of Power
911,1517,Balance of Power
912,1518,Balance of Power
913,1519,Balance of Power
914,1521,Defensive
915,1521,Defensive
916,1522,Defensive
917,1522,Defensive
918,1523,Defensive
919,1523,Defensive
920,1524,Defensive
921,1524,Defensive
922,1525,Defensive
923,1525,Defensive
924,1526,Defensive
925,1526,Defensive
926,1527,Defensive
927,1527,Defensive
928,1528,Defensive
929,1528,Defensive
930,1529,Defensive
931,1529,Defensive
932,1530,Defensive
933,1530,Defensive
934,1531,Defensive
935,1531,Defensive
936,1532,Defensive
937,1533,Defensive
938,1534,Defensive
939,1537,Defensive
940,1538,Defensive
941,1539,Defensive
942,1540,Defensive
943,1541,Defensive
944,1542,Defensive
945,1543,Defensive
946,1544,Defensive
947,1545,Defensive
948,1546,Defensive
949,1547,Defensive
950,1551,Defensive
951,1551,Defensive
952,1552,Defensive
953,1552,Defensive
954,1553,Defensive
955,1553,Defensive
956,1554,Defensive
957,1554,Defensive
958,1555,Defensive
959,1555,Defensive
960,1556,Defensive
961,1556,Defensive
962,1557,Defensive
963,1557,Defensive
964,1558,Defensive
965,1558,Defensive
966,1559,Defensive
967,1559,Defensive
968,1560,Defensive
969,1560,Defensive
970,1561,Defensive
971,1561,Defensive
972,1562,Defensive
973,1562,Defensive
974,1563,Defensive
975,1563,Defensive
976,1564,Defensive
977,1564,Defensive
978,1565,Defensive
979,1565,Defensive
980,1566,Defensive
981,1566,Defensive
982,1567,Defensive
983,1567,Defensive
984,1568,Defensive
985,1568,Defensive
986,1559,Defensive
987,1560,Defensive
988,1561,Defensive
989,1565,Defensive
990,1566,Defensive
991,1567,Defensive
992,1568,Defensive
993,1570,Defensive
994,1571,Defensive
995,1572,Defensive
996,1573,Defensive
997,1574,Defensive
998,1575,Defensive
999,1576,Defensive
1000,1577,Defensive
1001,1578,Defensive
1002,1579,Defensive
1003,1580,Defensive
1004,1583,Defensive
1005,1584,Defensive
1006,1585,Defensive
1007,1586,Defensive
1008,1587,Defensive
1009,1588,Defensive
1010,1589,Defensive
1011,1590,Defensive
1012,1610,Defensive
1013,1611,Defensive
1014,1612,Defensive
1015,1613,Defensive
1016,1614,Defensive
1017,1615,Defensive
1018,1616,Defensive
1019,1617,Defensive
1020,1618,Defensive
1021,1619,Defensive
1022,1665,Civil
1023,1666,Civil
1024,1667,Civil
1025,1600,Balance of Power
1026,1601,Balance of Power
1027,1602,Balance of Power
1028,1603,Balance of Power
1029,1604,Balance of Power
1030,1605,Balance of Power
1031,1606,Balance of Power
1032,1607,Balance of Power
1033,1608,Balance of Power
1034,1609,Balance of Power
1035,1532,Balance of Power
1036,1532,Balance of Power
1037,1533,Balance of Power
1038,1533,Balance of Power
1039,1534,Balance of Power
1040,1534,Balance of Power
1041,1497,Other
1042,1497,Other
1043,1498,Other
1044,1498,Other
1045,1831,Civil
1046,1831,Civil
1047,1831,Civil
1048,1831,Civil
1049,1832,Civil
1050,1832,Civil
1051,1832,Civil
1052,1832,Civil
1053,1833,Civil
1054,1833,Civil
1055,1833,Civil
1056,1833,Civil
1057,1834,Civil
1058,1834,Civil
1059,1834,Civil
1060,1834,Civil
1061,1609,Balance of Power
1062,1610,Balance of Power
1063,1611,Balance of Power
1064,1612,Balance of Power
1065,1613,Balance of Power
1066,1614,Balance of Power
1067,1615,Balance of Power
1068,1616,Balance of Power
1069,1617,Balance of Power
1070,1618,Balance of Power
1071,1619,Balance of Power
1072,1613,Balance of Power
1073,1614,Balance of Power
1074,1615,Balance of Power
1075,1616,Balance of Power
1076,1617,Balance of Power
1077,1534,Balance of Power
1078,1535,Balance of Power
1079,1536,Balance of Power
1080,1537,Balance of Power
1081,1572,Balance of Power
1082,1573,Balance of Power
1083,1574,Balance of Power
1084,1575,Balance of Power
1085,1511,Balance of Power
1086,1512,Balance of Power
1087,1513,Balance of Power
1088,1514,Balance of Power
1089,1515,Balance of Power
1090,1516,Balance of Power
1091,1517,Balance of Power
1092,1518,Balance of Power
1093,1519,Balance of Power
1094,1520,Balance of Power
1095,1521,Balance of Power
1096,1522,Balance of Power
1097,1523,Balance of Power
1098,1524,Balance of Power
1099,1525,Balance of Power
1100,1526,Balance of Power
1101,1632,Balance of Power
1102,1633,Balance of Power
1103,1634,Balance of Power
1104,1654,Balance of Power
1105,1655,Balance of Power
1106,1656,Balance of Power
1107,1657,Balance of Power
1108,1658,Balance of Power
1109,1659,Balance of Power
1110,1660,Balance of Power
1111,1661,Balance of Power
1112,1662,Balance of Power
1113,1663,Balance of Power
1114,1664,Balance of Power
1115,1665,Balance of Power
1116,1666,Balance of Power
1117,1667,Balance of Power
1118,1788,Other
1119,1788,Balance of Power
1120,1788,Balance of Power
1121,1789,Other
1122,1789,Balance of Power
1123,1789,Balance of Power
1124,1790,Balance of Power
1125,1790,Balance of Power
1126,1790,Balance of Power
1127,1808,Balance of Power
1128,1808,Balance of Power
1129,1808,Balance of Power
1130,1809,Balance of Power
1131,1809,Balance of Power
1132,1809,Balance of Power
1133,1741,Balance of Power
1134,1742,Balance of Power
1135,1743,Balance of Power
1136,1559,Balance of Power
1137,1560,Balance of Power
1138,1561,Balance of Power
1139,1572,Balance of Power
1140,1573,Balance of Power
1141,1574,Balance of Power
1142,1575,Balance of Power
1143,1576,Balance of Power
1144,1577,Balance of Power
1145,1578,Balance of Power
1146,1579,Balance of Power
1147,1580,Balance of Power
1148,1581,Balance of Power
1149,1582,Balance of Power
1150,1583,Balance of Power
1151,1590,Balance of Power
1152,1591,Balance of Power
1153,1592,Balance of Power
1154,1593,Balance of Power
1155,1594,Balance of Power
1156,1595,Balance of Power
1157,1806,Balance of Power
1158,1806,Balance of Power
1159,1807,Balance of Power
1160,1807,Balance of Power
1161,1808,Balance of Power
1162,1808,Balance of Power
1163,1809,Balance of Power
1164,1809,Balance of Power
1165,1810,Balance of Power
1166,1810,Balance of Power
1167,1811,Balance of Power
1168,1811,Balance of Power
1169,1812,Balance of Power
1170,1812,Balance of Power
1171,1768,Balance of Power
1172,1769,Balance of Power
1173,1770,Balance of Power
1174,1771,Balance of Power
1175,1772,Balance of Power
1176,1773,Balance of Power
1177,1774,Balance of Power
1178,1546,Balance of Power
1179,1546,Balance of Power
1180,1546,Balance of Power
1181,1546,Balance of Power
1182,1546,Balance of Power
1183,1546,Balance of Power
1184,1546,Balance of Power
1185,1546,Balance of Power
1186,1547,Balance of Power
1187,1547,Balance of Power
1188,1547,Balance of Power
1189,1547,Balance of Power
1190,1547,Balance of Power
1191,1547,Balance of Power
1192,1547,Balance of Power
1193,1547,Balance of Power
1194,1522,Balance of Power
1195,1523,Balance of Power
1196,1542,Balance of Power
1197,1543,Balance of Power
1198,1544,Balance of Power
1199,1545,Balance of Power
1200,1546,Balance of Power
1201,1510,Balance of Power
1202,1511,Balance of Power
1203,1512,Balance of Power
1204,1513,Balance of Power
1205,1665,Balance of Power
1206,1665,Balance of Power
1207,1665,Balance of Power
1208,1665,Balance of Power
1209,1666,Balance of Power
1210,1666,Balance of Power
1211,1666,Balance of Power
1212,1666,Balance of Power
1213,1666,Balance of Power
1214,1666,Balance of Power
1215,1666,Balance of Power
1216,1667,Balance of Power
1217,1667,Balance of Power
1218,1667,Balance of Power
1219,1667,Balance of Power
1220,1667,Balance of Power
1221,1667,Balance of Power
1222,1667,Balance of Power
1223,1700,Balance of Power
1224,1700,Balance of Power
1225,1700,Balance of Power
1226,1700,Balance of Power
1227,1700,Balance of Power
1228,1700,Balance of Power
1229,1700,Balance of Power
1230,1700,Balance of Power
1231,1700,Balance of Power
1232,1700,Balance of Power
1233,1700,Balance of Power
1234,1700,Balance of Power
1235,1701,Balance of Power
1236,1701,Balance of Power
1237,1701,Balance of Power
1238,1702,Balance of Power
1239,1702,Balance of Power
1240,1702,Balance of Power
1241,1703,Balance of Power
1242,1703,Balance of Power
1243,1703,Balance of Power
1244,1704,Balance of Power
1245,1704,Balance of Power
1246,1704,Balance of Power
1247,1705,Balance of Power
1248,1705,Balance of Power
1249,1705,Balance of Power
1250,1706,Balance of Power
1251,1706,Balance of Power
1252,1706,Balance of Power
1253,1707,Balance of Power
1254,1708,Balance of Power
1255,1709,Balance of Power
1256,1709,Balance of Power
1257,1709,Balance of Power
1258,1709,Balance of Power
1259,1709,Balance of Power
1260,1710,Balance of Power
1261,1710,Balance of Power
1262,1710,Balance of Power
1263,1710,Balance of Power
1264,1710,Balance of Power
1265,1711,Balance of Power
1266,1711,Balance of Power
1267,1711,Balance of Power
1268,1711,Balance of Power
1269,1711,Balance of Power
1270,1712,Balance of Power
1271,1712,Balance of Power
1272,1712,Balance of Power
1273,1712,Balance of Power
1274,1712,Balance of Power
1275,1713,Balance of Power
1276,1713,Balance of Power
1277,1713,Balance of Power
1278,1713,Balance of Power
1279,1713,Balance of Power
1280,1714,Balance of Power
1281,1714,Balance of Power
1282,1714,Balance of Power
1283,1714,Balance of Power
1284,1714,Balance of Power
1285,1715,Balance of Power
1286,1715,Balance of Power
1287,1715,Balance of Power
1288,1715,Balance of Power
1289,1715,Balance of Power
1290,1715,Balance of Power
1291,1715,Balance of Power
1292,1715,Balance of Power
1293,1716,Balance of Power
1294,1716,Balance of Power
1295,1716,Balance of Power
1296,1716,Balance of Power
1297,1716,Balance of Power
1298,1716,Balance of Power
1299,1716,Balance of Power
1300,1716,Balance of Power
1301,1717,Balance of Power
1302,1717,Balance of Power
1303,1717,Balance of Power
1304,1717,Balance of Power
1305,1717,Balance of Power
1306,1717,Balance of Power
1307,1717,Balance of Power
1308,1717,Balance of Power
1309,1718,Balance of Power
1310,1718,Balance of Power
1311,1718,Balance of Power
1312,1718,Balance of Power
1313,1718,Balance of Power
1314,1718,Balance of Power
1315,1718,Balance of Power
1316,1718,Balance of Power
1317,1719,Balance of Power
1318,1719,Balance of Power
1319,1719,Balance of Power
1320,1719,Balance of Power
1321,1719,Balance of Power
1322,1719,Balance of Power
1323,1719,Balance of Power
1324,1719,Balance of Power
1325,1720,Balance of Power
1326,1720,Balance of Power
1327,1720,Balance of Power
1328,1720,Balance of Power
1329,1720,Balance of Power
1330,1720,Balance of Power
1331,1720,Balance of Power
1332,1720,Balance of Power
1333,1721,Balance of Power
1334,1721,Balance of Power
1335,1721,Balance of Power
1336,1526,Balance of Power
1337,1526,Balance of Power
1338,1527,Balance of Power
1339,1527,Balance of Power
1340,1528,Balance of Power
1341,1528,Balance of Power
1342,1529,Balance of Power
1343,1529,Balance of Power
1344,1544,Balance of Power
1345,1545,Balance of Power
1346,1546,Balance of Power
1347,1885,Balance of Power
1348,1886,Balance of Power
1349,1755,Balance of Power
1350,1755,Balance of Power
1351,1756,Balance of Power
1352,1756,Balance of Power
1353,1756,Balance of Power
1354,1756,Balance of Power
1355,1756,Balance of Power
1356,1756,Balance of Power
1357,1756,Balance of Power
1358,1756,Balance of Power
1359,1756,Balance of Power
1360,1756,Balance of Power
1361,1756,Balance of Power
1362,1756,Balance of Power
1363,1756,Balance of Power
1364,1756,Balance of Power
1365,1756,Balance of Power
1366,1756,Balance of Power
1367,1757,Balance of Power
1368,1757,Balance of Power
1369,1757,Balance of Power
1370,1757,Balance of Power
1371,1757,Balance of Power
1372,1757,Balance of Power
1373,1757,Balance of Power
1374,1757,Balance of Power
1375,1757,Balance of Power
1376,1757,Balance of Power
1377,1757,Balance of Power
1378,1757,Balance of Power
1379,1757,Balance of Power
1380,1757,Balance of Power
1381,1757,Balance of Power
1382,1757,Balance of Power
1383,1757,Balance of Power
1384,1757,Balance of Power
1385,1758,Balance of Power
1386,1758,Balance of Power
1387,1758,Balance of Power
1388,1758,Balance of Power
1389,1758,Balance of Power
1390,1758,Balance of Power
1391,1758,Balance of Power
1392,1758,Balance of Power
1393,1758,Balance of Power
1394,1758,Balance of Power
1395,1758,Balance of Power
1396,1758,Balance of Power
1397,1758,Balance of Power
1398,1758,Balance of Power
1399,1758,Balance of Power
1400,1758,Balance of Power
1401,1758,Balance of Power
1402,1758,Balance of Power
1403,1759,Balance of Power
1404,1759,Balance of Power
1405,1759,Balance of Power
1406,1759,Balance of Power
1407,1759,Balance of Power
1408,1759,Balance of Power
1409,1759,Balance of Power
1410,1759,Balance of Power
1411,1759,Balance of Power
1412,1759,Balance of Power
1413,1759,Balance of Power
1414,1759,Balance of Power
1415,1759,Balance of Power
1416,1759,Balance of Power
1417,1759,Balance of Power
1418,1759,Balance of Power
1419,1759,Balance of Power
1420,1759,Balance of Power
1421,1760,Balance of Power
1422,1760,Balance of Power
1423,1760,Balance of Power
1424,1760,Balance of Power
1425,1760,Balance of Power
1426,1760,Balance of Power
1427,1760,Balance of Power
1428,1760,Balance of Power
1429,1760,Balance of Power
1430,1760,Balance of Power
1431,1760,Balance of Power
1432,1760,Balance of Power
1433,1760,Balance of Power
1434,1760,Balance of Power
1435,1760,Balance of Power
1436,1760,Balance of Power
1437,1760,Balance of Power
1438,1760,Balance of Power
1439,1761,Balance of Power
1440,1761,Balance of Power
1441,1761,Balance of Power
1442,1761,Balance of Power
1443,1761,Balance of Power
1444,1761,Balance of Power
1445,1761,Balance of Power
1446,1761,Balance of Power
1447,1761,Balance of Power
1448,1761,Balance of Power
1449,1761,Balance of Power
1450,1761,Balance of Power
1451,1761,Balance of Power
1452,1761,Balance of Power
1453,1761,Balance of Power
1454,1761,Balance of Power
1455,1761,Balance of Power
1456,1761,Balance of Power
1457,1762,Balance of Power
1458,1762,Balance of Power
1459,1762,Balance of Power
1460,1762,Balance of Power
1461,1762,Balance of Power
1462,1762,Balance of Power
1463,1762,Balance of Power
1464,1762,Balance of Power
1465,1762,Balance of Power
1466,1762,Balance of Power
1467,1762,Balance of Power
1468,1762,Balance of Power
1469,1762,Balance of Power
1470,1762,Balance of Power
1471,1762,Balance of Power
1472,1762,Balance of Power
1473,1762,Balance of Power
1474,1762,Balance of Power
1475,1762,Balance of Power
1476,1762,Balance of Power
1477,1762,Balance of Power
1478,1762,Balance of Power
1479,1763,Balance of Power
1480,1763,Balance of Power
1481,1763,Balance of Power
1482,1763,Balance of Power
1483,1763,Balance of Power
1484,1763,Balance of Power
1485,1763,Balance of Power
1486,1763,Balance of Power
1487,1763,Balance of Power
1488,1763,Balance of Power
1489,1763,Balance of Power
1490,1763,Balance of Power
1491,1763,Balance of Power
1492,1763,Balance of Power
1493,1763,Balance of Power
1494,1763,Balance of Power
1495,1763,Balance of Power
1496,1763,Balance of Power
1497,1512,Other
1498,1512,Other
1499,1615,Balance of Power
1500,1616,Balance of Power
1501,1617,Balance of Power
1502,1618,Defensive
1503,1618,Defensive
1504,1617,Balance of Power
1505,1617,Balance of Power
1506,1618,Balance of Power
1507,1618,Balance of Power
1508,1619,Balance of Power
1509,1619,Balance of Power
1510,1620,Balance of Power
1511,1620,Balance of Power
1512,1621,Balance of Power
1513,1621,Balance of Power
1514,1641,Balance of Power
1515,1642,Balance of Power
1516,1643,Balance of Power
1517,1644,Balance of Power
1518,1645,Balance of Power
1519,1646,Balance of Power
1520,1647,Balance of Power
1521,1648,Balance of Power
1522,1649,Balance of Power
1523,1650,Balance of Power
1524,1651,Balance of Power
1525,1652,Balance of Power
1526,1653,Balance of Power
1527,1654,Balance of Power
1528,1655,Balance of Power
1529,1656,Balance of Power
1530,1657,Balance of Power
1531,1658,Balance of Power
1532,1659,Balance of Power
1533,1660,Balance of Power
1534,1661,Balance of Power
1535,1662,Balance of Power
1536,1663,Balance of Power
1537,1664,Balance of Power
1538,1665,Balance of Power
1539,1666,Balance of Power
1540,1667,Balance of Power
1541,1668,Balance of Power
1542,1826,Balance of Power
1543,1826,Balance of Power
1544,1827,Balance of Power
1545,1827,Balance of Power
1546,1720,Balance of Power
1547,1721,Balance of Power
1548,1721,Balance of Power
1549,1672,Balance of Power
1550,1672,Balance of Power
1551,1672,Balance of Power
1552,1672,Balance of Power
1553,1673,Balance of Power
1554,1673,Balance of Power
1555,1673,Balance of Power
1556,1673,Balance of Power
1557,1674,Balance of Power
1558,1674,Balance of Power
1559,1674,Balance of Power
1560,1674,Balance of Power
1561,1674,Balance of Power
1562,1675,Balance of Power
1563,1675,Balance of Power
1564,1675,Balance of Power
1565,1675,Balance of Power
1566,1675,Balance of Power
1567,1675,Balance of Power
1568,1675,Balance of Power
1569,1675,Balance of Power
1570,1675,Balance of Power
1571,1675,Balance of Power
1572,1676,Balance of Power
1573,1676,Balance of Power
1574,1676,Balance of Power
1575,1676,Balance of Power
1576,1676,Balance of Power
1577,1676,Balance of Power
1578,1676,Balance of Power
1579,1676,Balance of Power
1580,1676,Balance of Power
1581,1676,Balance of Power
1582,1677,Balance of Power
1583,1677,Balance of Power
1584,1677,Balance of Power
1585,1677,Balance of Power
1586,1677,Balance of Power
1587,1677,Balance of Power
1588,1677,Balance of Power
1589,1677,Balance of Power
1590,1677,Balance of Power
1591,1677,Balance of Power
1592,1678,Balance of Power
1593,1678,Balance of Power
1594,1678,Balance of Power
1595,1678,Balance of Power
1596,1678,Balance of Power
1597,1678,Balance of Power
1598,1678,Balance of Power
1599,1678,Balance of Power
1600,1678,Balance of Power
1601,1678,Balance of Power
1602,1618,Balance of Power
1603,1618,Balance of Power
1604,1619,Balance of Power
1605,1619,Balance of Power
1606,1619,Balance of Power
1607,1619,Balance of Power
1608,1619,Balance of Power
1609,1619,Balance of Power
1610,1619,Balance of Power
1611,1619,Balance of Power
1612,1619,Balance of Power
1613,1619,Balance of Power
1614,1620,Balance of Power
1615,1620,Balance of Power
1616,1620,Balance of Power
1617,1620,Balance of Power
1618,1620,Balance of Power
1619,1620,Balance of Power
1620,1620,Balance of Power
1621,1620,Balance of Power
1622,1620,Balance of Power
1623,1620,Balance of Power
1624,1621,Balance of Power
1625,1621,Balance of Power
1626,1621,Balance of Power
1627,1622,Balance of Power
1628,1622,Balance of Power
1629,1622,Balance of Power
1630,1624,Balance of Power
1631,1624,Balance of Power
1632,1624,Balance of Power
1633,1624,Balance of Power
1634,1624,Balance of Power
1635,1624,Balance of Power
1636,1624,Balance of Power
1637,1624,Balance of Power
1638,1624,Balance of Power
1639,1624,Balance of Power
1640,1624,Balance of Power
1641,1624,Balance of Power
1642,1624,Balance of Power
1643,1624,Balance of Power
1644,1624,Balance of Power
1645,1624,Balance of Power
1646,1624,Balance of Power
1647,1625,Balance of Power
1648,1625,Balance of Power
1649,1625,Balance of Power
1650,1625,Balance of Power
1651,1625,Balance of Power
1652,1625,Balance of Power
1653,1625,Balance of Power
1654,1625,Balance of Power
1655,1625,Balance of Power
1656,1625,Balance of Power
1657,1625,Balance of Power
1658,1625,Balance of Power
1659,1625,Balance of Power
1660,1625,Balance of Power
1661,1625,Balance of Power
1662,1625,Balance of Power
1663,1626,Balance of Power
1664,1626,Balance of Power
1665,1626,Balance of Power
1666,1626,Balance of Power
1667,1626,Balance of Power
1668,1626,Balance of Power
1669,1626,Balance of Power
1670,1626,Balance of Power
1671,1626,Balance of Power
1672,1626,Balance of Power
1673,1626,Balance of Power
1674,1626,Balance of Power
1675,1626,Balance of Power
1676,1626,Balance of Power
1677,1626,Balance of Power
1678,1626,Balance of Power
1679,1627,Balance of Power
1680,1627,Balance of Power
1681,1627,Balance of Power
1682,1627,Balance of Power
1683,1627,Balance of Power
1684,1627,Balance of Power
1685,1627,Balance of Power
1686,1627,Balance of Power
1687,1627,Balance of Power
1688,1627,Balance of Power
1689,1627,Balance of Power
1690,1627,Balance of Power
1691,1627,Balance of Power
1692,1627,Balance of Power
1693,1627,Balance of Power
1694,1627,Balance of Power
1695,1628,Balance of Power
1696,1628,Balance of Power
1697,1628,Balance of Power
1698,1628,Balance of Power
1699,1628,Balance of Power
1700,1628,Balance of Power
1701,1628,Balance of Power
1702,1628,Balance of Power
1703,1628,Balance of Power
1704,1628,Balance of Power
1705,1628,Balance of Power
1706,1628,Balance of Power
1707,1628,Balance of Power
1708,1628,Balance of Power
1709,1628,Balance of Power
1710,1628,Balance of Power
1711,1628,Balance of Power
1712,1628,Balance of Power
1713,1628,Balance of Power
1714,1628,Balance of Power
1715,1629,Balance of Power
1716,1629,Balance of Power
1717,1629,Balance of Power
1718,1629,Balance of Power
1719,1629,Balance of Power
1720,1630,Balance of Power
1721,1630,Balance of Power
1722,1630,Balance of Power
1723,1630,Balance of Power
1724,1630,Balance of Power
1725,1630,Balance of Power
1726,1630,Balance of Power
1727,1630,Balance of Power
1728,1630,Balance of Power
1729,1630,Balance of Power
1730,1630,Balance of Power
1731,1630,Balance of Power
1732,1630,Balance of Power
1733,1630,Balance of Power
1734,1630,Balance of Power
1735,1630,Balance of Power
1736,1630,Balance of Power
1737,1631,Balance of Power
1738,1631,Balance of Power
1739,1631,Balance of Power
1740,1631,Balance of Power
1741,1631,Balance of Power
1742,1631,Balance of Power
1743,1631,Balance of Power
1744,1631,Balance of Power
1745,1631,Balance of Power
1746,1631,Balance of Power
1747,1631,Balance of Power
1748,1631,Balance of Power
1749,1631,Balance of Power
1750,1631,Balance of Power
1751,1631,Balance of Power
1752,1631,Balance of Power
1753,1631,Balance of Power
1754,1631,Balance of Power
1755,1631,Balance of Power
1756,1631,Balance of Power
1757,1632,Balance of Power
1758,1632,Balance of Power
1759,1632,Balance of Power
1760,1632,Balance of Power
1761,1632,Balance of Power
1762,1632,Balance of Power
1763,1632,Balance of Power
1764,1632,Balance of Power
1765,1632,Balance of Power
1766,1632,Balance of Power
1767,1632,Balance of Power
1768,1632,Balance of Power
1769,1632,Balance of Power
1770,1632,Balance of Power
1771,1632,Balance of Power
1772,1632,Balance of Power
1773,1632,Balance of Power
1774,1632,Balance of Power
1775,1632,Balance of Power
1776,1632,Balance of Power
1777,1633,Balance of Power
1778,1633,Balance of Power
1779,1633,Balance of Power
1780,1633,Balance of Power
1781,1633,Balance of Power
1782,1633,Balance of Power
1783,1633,Balance of Power
1784,1633,Balance of Power
1785,1633,Balance of Power
1786,1633,Balance of Power
1787,1633,Balance of Power
1788,1633,Balance of Power
1789,1633,Balance of Power
1790,1633,Balance of Power
1791,1633,Balance of Power
1792,1633,Balance of Power
1793,1633,Balance of Power
1794,1633,Balance of Power
1795,1633,Balance of Power
1796,1633,Balance of Power
1797,1634,Balance of Power
1798,1634,Balance of Power
1799,1634,Balance of Power
1800,1634,Balance of Power
1801,1634,Balance of Power
1802,1634,Balance of Power
1803,1634,Balance of Power
1804,1634,Balance of Power
1805,1634,Balance of Power
1806,1634,Balance of Power
1807,1634,Balance of Power
1808,1634,Balance of Power
1809,1635,Balance of Power
1810,1635,Balance of Power
1811,1635,Balance of Power
1812,1635,Balance of Power
1813,1635,Balance of Power
1814,1635,Balance of Power
1815,1635,Balance of Power
1816,1635,Balance of Power
1817,1635,Balance of Power
1818,1635,Balance of Power
1819,1635,Balance of Power
1820,1635,Balance of Power
1821,1635,Balance of Power
1822,1636,Balance of Power
1823,1636,Balance of Power
1824,1636,Balance of Power
1825,1636,Balance of Power
1826,1636,Balance of Power
1827,1636,Balance of Power
1828,1636,Balance of Power
1829,1636,Balance of Power
1830,1636,Balance of Power
1831,1636,Balance of Power
1832,1636,Balance of Power
1833,1636,Balance of Power
1834,1637,Balance of Power
1835,1637,Balance of Power
1836,1637,Balance of Power
1837,1637,Balance of Power
1838,1637,Balance of Power
1839,1637,Balance of Power
1840,1637,Balance of Power
1841,1637,Balance of Power
1842,1637,Balance of Power
1843,1637,Balance of Power
1844,1637,Balance of Power
1845,1637,Balance of Power
1846,1638,Balance of Power
1847,1638,Balance of Power
1848,1638,Balance of Power
1849,1638,Balance of Power
1850,1638,Balance of Power
1851,1638,Balance of Power
1852,1638,Balance of Power
1853,1638,Balance of Power
1854,1638,Balance of Power
1855,1638,Balance of Power
1856,1638,Balance of Power
1857,1638,Balance of Power
1858,1639,Balance of Power
1859,1639,Balance of Power
1860,1639,Balance of Power
1861,1639,Balance of Power
1862,1639,Balance of Power
1863,1639,Balance of Power
1864,1639,Balance of Power
1865,1639,Balance of Power
1866,1639,Balance of Power
1867,1639,Balance of Power
1868,1639,Balance of Power
1869,1639,Balance of Power
1870,1640,Balance of Power
1871,1640,Balance of Power
1872,1640,Balance of Power
1873,1640,Balance of Power
1874,1640,Balance of Power
1875,1640,Balance of Power
1876,1640,Balance of Power
1877,1640,Balance of Power
1878,1640,Balance of Power
1879,1640,Balance of Power
1880,1640,Balance of Power
1881,1640,Balance of Power
1882,1641,Balance of Power
1883,1641,Balance of Power
1884,1641,Balance of Power
1885,1641,Balance of Power
1886,1641,Balance of Power
1887,1641,Balance of Power
1888,1641,Balance of Power
1889,1641,Balance of Power
1890,1641,Balance of Power
1891,1641,Balance of Power
1892,1642,Balance of Power
1893,1642,Balance of Power
1894,1642,Balance of Power
1895,1642,Balance of Power
1896,1642,Balance of Power
1897,1642,Balance of Power
1898,1642,Balance of Power
1899,1642,Balance of Power
1900,1642,Balance of Power
1901,1642,Balance of Power
1902,1642,Balance of Power
1903,1642,Balance of Power
1904,1643,Balance of Power
1905,1643,Balance of Power
1906,1643,Balance of Power
1907,1643,Balance of Power
1908,1643,Balance of Power
1909,1643,Balance of Power
1910,1643,Balance of Power
1911,1643,Balance of Power
1912,1643,Balance of Power
1913,1643,Balance of Power
1914,1643,Balance of Power
1915,1643,Balance of Power
1916,1644,Balance of Power
1917,1644,Balance of Power
1918,1644,Balance of Power
1919,1644,Balance of Power
1920,1644,Balance of Power
1921,1644,Balance of Power
1922,1644,Balance of Power
1923,1644,Balance of Power
1924,1644,Balance of Power
1925,1644,Balance of Power
1926,1644,Balance of Power
1927,1644,Balance of Power
1928,1645,Balance of Power
1929,1645,Balance of Power
1930,1645,Balance of Power
1931,1645,Balance of Power
1932,1645,Balance of Power
1933,1645,Balance of Power
1934,1646,Balance of Power
1935,1646,Balance of Power
1936,1646,Balance of Power
1937,1646,Balance of Power
1938,1647,Balance of Power
1939,1647,Balance of Power
1940,1647,Balance of Power
1941,1647,Balance of Power
1942,1647,Balance of Power
1943,1647,Balance of Power
1944,1648,Balance of Power
1945,1648,Balance of Power
1946,1648,Balance of Power
1947,1648,Balance of Power
1948,1648,Balance of Power
1949,1648,Balance of Power
1950,1740,Balance of Power
1951,1740,Balance of Power
1952,1740,Balance of Power
1953,1740,Balance of Power
1954,1740,Balance of Power
1955,1740,Balance of Power
1956,1740,Balance of Power
1957,1740,Balance of Power
1958,1740,Balance of Power
1959,1740,Balance of Power
1960,1740,Balance of Power
1961,1740,Balance of Power
1962,1740,Balance of Power
1963,1740,Balance of Power
1964,1740,Balance of Power
1965,1741,Balance of Power
1966,1741,Balance of Power
1967,1741,Balance of Power
1968,1741,Balance of Power
1969,1741,Balance of Power
1970,1741,Balance of Power
1971,1741,Balance of Power
1972,1741,Balance of Power
1973,1741,Balance of Power
1974,1741,Balance of Power
1975,1741,Balance of Power
1976,1741,Balance of Power
1977,1741,Balance of Power
1978,1741,Balance of Power
1979,1741,Balance of Power
1980,1741,Balance of Power
1981,1741,Balance of Power
1982,1741,Balance of Power
1983,1741,Balance of Power
1984,1741,Balance of Power
1985,1742,Balance of Power
1986,1742,Balance of Power
1987,1742,Balance of Power
1988,1742,Balance of Power
1989,1742,Balance of Power
1990,1742,Balance of Power
1991,1742,Balance of Power
1992,1742,Balance of Power
1993,1742,Balance of Power
1994,1742,Balance of Power
1995,1742,Balance of Power
1996,1742,Balance of Power
1997,1742,Balance of Power
1998,1742,Balance of Power
1999,1742,Balance of Power
2000,1742,Balance of Power
2001,1742,Balance of Power
2002,1742,Balance of Power
2003,1742,Balance of Power
2004,1742,Balance of Power
2005,1742,Balance of Power
2006,1743,Balance of Power
2007,1743,Balance of Power
2008,1743,Balance of Power
2009,1743,Balance of Power
2010,1743,Balance of Power
2011,1743,Balance of Power
2012,1743,Balance of Power
2013,1743,Balance of Power
2014,1743,Balance of Power
2015,1743,Balance of Power
2016,1743,Balance of Power
2017,1743,Balance of Power
2018,1743,Balance of Power
2019,1743,Balance of Power
2020,1743,Balance of Power
2021,1743,Balance of Power
2022,1743,Balance of Power
2023,1743,Balance of Power
2024,1743,Balance of Power
2025,1743,Balance of Power
2026,1743,Balance of Power
2027,1743,Balance of Power
2028,1743,Balance of Power
2029,1743,Balance of Power
2030,1744,Balance of Power
2031,1744,Balance of Power
2032,1744,Balance of Power
2033,1744,Balance of Power
2034,1744,Balance of Power
2035,1744,Balance of Power
2036,1744,Balance of Power
2037,1744,Balance of Power
2038,1744,Balance of Power
2039,1744,Balance of Power
2040,1744,Balance of Power
2041,1744,Balance of Power
2042,1744,Balance of Power
2043,1744,Balance of Power
2044,1744,Balance of Power
2045,1744,Balance of Power
2046,1744,Balance of Power
2047,1744,Balance of Power
2048,1744,Balance of Power
2049,1744,Balance of Power
2050,1744,Balance of Power
2051,1744,Balance of Power
2052,1744,Balance of Power
2053,1744,Balance of Power
2054,1745,Balance of Power
2055,1745,Balance of Power
2056,1745,Balance of Power
2057,1745,Balance of Power
2058,1745,Balance of Power
2059,1745,Balance of Power
2060,1745,Balance of Power
2061,1745,Balance of Power
2062,1745,Balance of Power
2063,1745,Balance of Power
2064,1745,Balance of Power
2065,1745,Balance of Power
2066,1745,Balance of Power
2067,1745,Balance of Power
2068,1745,Balance of Power
2069,1745,Balance of Power
2070,1745,Balance of Power
2071,1745,Balance of Power
2072,1745,Balance of Power
2073,1745,Balance of Power
2074,1745,Balance of Power
2075,1745,Balance of Power
2076,1745,Balance of Power
2077,1745,Balance of Power
2078,1745,Balance of Power
2079,1745,Balance of Power
2080,1745,Balance of Power
2081,1745,Balance of Power
2082,1745,Balance of Power
2083,1745,Balance of Power
2084,1745,Balance of Power
2085,1746,Balance of Power
2086,1746,Balance of Power
2087,1746,Balance of Power
2088,1746,Balance of Power
2089,1746,Balance of Power
2090,1746,Balance of Power
2091,1746,Balance of Power
2092,1746,Balance of Power
2093,1746,Balance of Power
2094,1746,Balance of Power
2095,1746,Balance of Power
2096,1746,Balance of Power
2097,1746,Balance of Power
2098,1746,Balance of Power
2099,1746,Balance of Power
2100,1746,Balance of Power
2101,1746,Balance of Power
2102,1746,Balance of Power
2103,1746,Balance of Power
2104,1746,Balance of Power
2105,1746,Balance of Power
2106,1746,Balance of Power
2107,1746,Balance of Power
2108,1746,Balance of Power
2109,1747,Balance of Power
2110,1747,Balance of Power
2111,1747,Balance of Power
2112,1747,Balance of Power
2113,1747,Balance of Power
2114,1747,Balance of Power
2115,1747,Balance of Power
2116,1747,Balance of Power
2117,1747,Balance of Power
2118,1747,Balance of Power
2119,1747,Balance of Power
2120,1747,Balance of Power
2121,1747,Balance of Power
2122,1747,Balance of Power
2123,1747,Balance of Power
2124,1747,Balance of Power
2125,1747,Balance of Power
2126,1747,Balance of Power
2127,1747,Balance of Power
2128,1747,Balance of Power
2129,1747,Balance of Power
2130,1747,Balance of Power
2131,1747,Balance of Power
2132,1747,Balance of Power
2133,1748,Balance of Power
2134,1748,Balance of Power
2135,1748,Balance of Power
2136,1748,Balance of Power
2137,1748,Balance of Power
2138,1748,Balance of Power
2139,1748,Balance of Power
2140,1748,Balance of Power
2141,1748,Balance of Power
2142,1748,Balance of Power
2143,1748,Balance of Power
2144,1748,Balance of Power
2145,1748,Balance of Power
2146,1748,Balance of Power
2147,1748,Balance of Power
2148,1748,Balance of Power
2149,1748,Balance of Power
2150,1748,Balance of Power
2151,1748,Balance of Power
2152,1748,Balance of Power
2153,1748,Balance of Power
2154,1748,Balance of Power
2155,1748,Balance of Power
2156,1748,Balance of Power
2157,1600,Civil
2158,1601,Civil
2159,1602,Civil
2160,1603,Civil
2161,1604,Civil
2162,1605,Civil
2163,1606,Civil
2164,1607,Civil
2165,1608,Civil
2166,1609,Civil
2167,1739,Balance of Power
2168,1739,Balance of Power
2169,1733,Balance of Power
2170,1733,Balance of Power
2171,1733,Balance of Power
2172,1733,Balance of Power
2173,1733,Balance of Power
2174,1733,Balance of Power
2175,1733,Balance of Power
2176,1733,Balance of Power
2177,1733,Balance of Power
2178,1734,Balance of Power
2179,1734,Balance of Power
2180,1734,Balance of Power
2181,1734,Balance of Power
2182,1734,Balance of Power
2183,1734,Balance of Power
2184,1734,Balance of Power
2185,1734,Balance of Power
2186,1734,Balance of Power
2187,1735,Balance of Power
2188,1735,Balance of Power
2189,1735,Balance of Power
2190,1735,Balance of Power
2191,1735,Balance of Power
2192,1735,Balance of Power
2193,1735,Balance of Power
2194,1735,Balance of Power
2195,1735,Balance of Power
2196,1736,Balance of Power
2197,1736,Balance of Power
2198,1736,Balance of Power
2199,1736,Balance of Power
2200,1736,Balance of Power
2201,1736,Balance of Power
2202,1736,Balance of Power
2203,1736,Balance of Power
2204,1736,Balance of Power
2205,1737,Balance of Power
2206,1737,Balance of Power
2207,1737,Balance of Power
2208,1737,Balance of Power
2209,1737,Balance of Power
2210,1737,Balance of Power
2211,1737,Balance of Power
2212,1737,Balance of Power
2213,1737,Balance of Power
2214,1738,Balance of Power
2215,1738,Balance of Power
2216,1738,Balance of Power
2217,1738,Balance of Power
2218,1738,Balance of Power
2219,1738,Balance of Power
2220,1738,Balance of Power
2221,1738,Balance of Power
2222,1738,Balance of Power
2223,1718,Balance of Power
2224,1718,Balance of Power
2225,1701,Balance of Power
2226,1701,Balance of Power
2227,1701,Balance of Power
2228,1701,Balance of Power
2229,1701,Balance of Power
2230,1701,Balance of Power
2231,1701,Balance of Power
2232,1701,Balance of Power
2233,1701,Balance of Power
2234,1701,Balance of Power
2235,1701,Balance of Power
2236,1701,Balance of Power
2237,1701,Balance of Power
2238,1701,Balance of Power
2239,1701,Balance of Power
2240,1701,Balance of Power
2241,1701,Balance of Power
2242,1701,Balance of Power
2243,1701,Balance of Power
2244,1701,Balance of Power
2245,1702,Balance of Power
2246,1702,Balance of Power
2247,1702,Balance of Power
2248,1702,Balance of Power
2249,1702,Balance of Power
2250,1702,Balance of Power
2251,1702,Balance of Power
2252,1702,Balance of Power
2253,1702,Balance of Power
2254,1702,Balance of Power
2255,1702,Balance of Power
2256,1702,Balance of Power
2257,1702,Balance of Power
2258,1702,Balance of Power
2259,1702,Balance of Power
2260,1702,Balance of Power
2261,1702,Balance of Power
2262,1702,Balance of Power
2263,1702,Balance of Power
2264,1702,Balance of Power
2265,1703,Balance of Power
2266,1703,Balance of Power
2267,1703,Balance of Power
2268,1703,Balance of Power
2269,1703,Balance of Power
2270,1703,Balance of Power
2271,1703,Balance of Power
2272,1703,Balance of Power
2273,1703,Balance of Power
2274,1703,Balance of Power
2275,1703,Balance of Power
2276,1703,Balance of Power
2277,1703,Balance of Power
2278,1703,Balance of Power
2279,1703,Balance of Power
2280,1703,Balance of Power
2281,1703,Balance of Power
2282,1703,Balance of Power
2283,1703,Balance of Power
2284,1703,Balance of Power
2285,1704,Balance of Power
2286,1704,Balance of Power
2287,1704,Balance of Power
2288,1704,Balance of Power
2289,1704,Balance of Power
2290,1704,Balance of Power
2291,1704,Balance of Power
2292,1704,Balance of Power
2293,1704,Balance of Power
2294,1704,Balance of Power
2295,1704,Balance of Power
2296,1704,Balance of Power
2297,1704,Balance of Power
2298,1704,Balance of Power
2299,1704,Balance of Power
2300,1704,Balance of Power
2301,1704,Balance of Power
2302,1704,Balance of Power
2303,1704,Balance of Power
2304,1704,Balance of Power
2305,1705,Balance of Power
2306,1705,Balance of Power
2307,1705,Balance of Power
2308,1705,Balance of Power
2309,1705,Balance of Power
2310,1705,Balance of Power
2311,1705,Balance of Power
2312,1705,Balance of Power
2313,1705,Balance of Power
2314,1705,Balance of Power
2315,1706,Balance of Power
2316,1706,Balance of Power
2317,1706,Balance of Power
2318,1706,Balance of Power
2319,1706,Balance of Power
2320,1706,Balance of Power
2321,1706,Balance of Power
2322,1706,Balance of Power
2323,1706,Balance of Power
2324,1706,Balance of Power
2325,1707,Balance of Power
2326,1707,Balance of Power
2327,1707,Balance of Power
2328,1707,Balance of Power
2329,1707,Balance of Power
2330,1707,Balance of Power
2331,1707,Balance of Power
2332,1707,Balance of Power
2333,1707,Balance of Power
2334,1707,Balance of Power
2335,1708,Balance of Power
2336,1708,Balance of Power
2337,1708,Balance of Power
2338,1708,Balance of Power
2339,1708,Balance of Power
2340,1708,Balance of Power
2341,1708,Balance of Power
2342,1708,Balance of Power
2343,1708,Balance of Power
2344,1708,Balance of Power
2345,1709,Balance of Power
2346,1709,Balance of Power
2347,1709,Balance of Power
2348,1709,Balance of Power
2349,1709,Balance of Power
2350,1709,Balance of Power
2351,1709,Balance of Power
2352,1709,Balance of Power
2353,1709,Balance of Power
2354,1709,Balance of Power
2355,1710,Balance of Power
2356,1710,Balance of Power
2357,1710,Balance of Power
2358,1710,Balance of Power
2359,1710,Balance of Power
2360,1710,Balance of Power
2361,1710,Balance of Power
2362,1710,Balance of Power
2363,1710,Balance of Power
2364,1710,Balance of Power
2365,1711,Balance of Power
2366,1711,Balance of Power
2367,1711,Balance of Power
2368,1711,Balance of Power
2369,1711,Balance of Power
2370,1711,Balance of Power
2371,1711,Balance of Power
2372,1711,Balance of Power
2373,1711,Balance of Power
2374,1711,Balance of Power
2375,1712,Balance of Power
2376,1712,Balance of Power
2377,1712,Balance of Power
2378,1712,Balance of Power
2379,1712,Balance of Power
2380,1712,Balance of Power
2381,1712,Balance of Power
2382,1712,Balance of Power
2383,1712,Balance of Power
2384,1712,Balance of Power
2385,1585,Balance of Power
2386,1586,Balance of Power
2387,1587,Balance of Power
2388,1588,Balance of Power
2389,1589,Balance of Power
2390,1590,Balance of Power
2391,1591,Balance of Power
2392,1592,Balance of Power
2393,1593,Balance of Power
2394,1594,Balance of Power
2395,1595,Balance of Power
2396,1596,Balance of Power
2397,1597,Balance of Power
2398,1598,Balance of Power
2399,1599,Balance of Power
2400,1600,Balance of Power
2401,1601,Balance of Power
2402,1602,Balance of Power
2403,1603,Balance of Power
2404,1604,Balance of Power
2405,1778,Balance of Power
2406,1778,Balance of Power
2407,1778,Balance of Power
2408,1778,Balance of Power
2409,1778,Balance of Power
2410,1778,Balance of Power
2411,1778,Balance of Power
2412,1778,Balance of Power
2413,1779,Balance of Power
2414,1779,Balance of Power
2415,1779,Balance of Power
2416,1779,Balance of Power
2417,1779,Balance of Power
2418,1779,Balance of Power
2419,1779,Balance of Power
2420,1779,Balance of Power
2421,1511,Balance of Power
2422,1512,Balance of Power
2423,1512,Balance of Power
2424,1513,Balance of Power
2425,1513,Balance of Power
2426,1513,Balance of Power
2427,1514,Balance of Power
2428,1514,Balance of Power
2429,1514,Balance of Power
2430,1508,Balance of Power
2431,1508,Balance of Power
2432,1508,Balance of Power
2433,1509,Balance of Power
2434,1509,Balance of Power
2435,1509,Balance of Power
2436,1590,Civil
2437,1590,Civil
2438,1591,Civil
2439,1591,Civil
2440,1592,Civil
2441,1592,Civil
2442,1593,Civil
2443,1593,Civil
2444,1594,Civil
2445,1594,Civil
2446,1595,Civil
2447,1595,Civil
2448,1596,Civil
2449,1596,Civil
2450,1597,Civil
2451,1597,Civil
2452,1598,Civil
2453,1598,Civil
2454,1600,Balance of Power
2455,1600,Balance of Power
2456,1601,Balance of Power
2457,1601,Balance of Power
2458,1602,Balance of Power
2459,1602,Balance of Power
2460,1603,Balance of Power
2461,1603,Balance of Power
2462,1604,Balance of Power
2463,1604,Balance of Power
2464,1605,Balance of Power
2465,1605,Balance of Power
2466,1606,Balance of Power
2467,1606,Balance of Power
2468,1607,Balance of Power
2469,1607,Balance of Power
2470,1608,Balance of Power
2471,1608,Balance of Power
2472,1609,Balance of Power
2473,1609,Balance of Power
2474,1610,Balance of Power
2475,1610,Balance of Power
2476,1611,Balance of Power
2477,1611,Balance of Power
2478,1612,Balance of Power
2479,1612,Balance of Power
2480,1613,Balance of Power
2481,1613,Balance of Power
2482,1614,Balance of Power
2483,1614,Balance of Power
2484,1615,Balance of Power
2485,1615,Balance of Power
2486,1616,Balance of Power
2487,1616,Balance of Power
2488,1617,Balance of Power
2489,1617,Balance of Power
2490,1618,Balance of Power
2491,1618,Balance of Power
2492,1619,Balance of Power
2493,1619,Balance of Power
2494,1620,Balance of Power
2495,1620,Balance of Power
2496,1621,Balance of Power
2497,1621,Balance of Power
2498,1622,Balance of Power
2499,1622,Balance of Power
2500,1623,Balance of Power
2501,1623,Balance of Power
2502,1624,Balance of Power
2503,1624,Balance of Power
2504,1625,Balance of Power
2505,1625,Balance of Power
2506,1626,Balance of Power
2507,1626,Balance of Power
2508,1627,Balance of Power
2509,1627,Balance of Power
2510,1628,Balance of Power
2511,1628,Balance of Power
2512,1629,Balance of Power
2513,1629,Balance of Power
2514,1914,Balance of Power
2515,1914,Balance of Power
2516,1914,Balance of Power
2517,1914,Balance of Power
2518,1914,Balance of Power
2519,1914,Balance of Power
2520,1914,Balance of Power
2521,1914,Balance of Power
2522,1914,Balance of Power
2523,1914,Balance of Power
2524,1915,Balance of Power
2525,1915,Balance of Power
2526,1915,Balance of Power
2527,1915,Balance of Power
2528,1915,Balance of Power
2529,1915,Balance of Power
2530,1915,Balance of Power
2531,1915,Balance of Power
2532,1915,Balance of Power
2533,1915,Balance of Power
2534,1915,Balance of Power
2535,1915,Balance of Power
2536,1915,Balance of Power
2537,1915,Balance of Power
2538,1915,Balance of Power
2539,1915,Balance of Power
2540,1915,Balance of Power
2541,1915,Balance of Power
2542,1916,Balance of Power
2543,1916,Balance of Power
2544,1916,Balance of Power
2545,1916,Balance of Power
2546,1916,Balance of Power
2547,1916,Balance of Power
2548,1916,Balance of Power
2549,1916,Balance of Power
2550,1916,Balance of Power
2551,1916,Balance of Power
2552,1916,Balance of Power
2553,1916,Balance of Power
2554,1916,Balance of Power
2555,1916,Balance of Power
2556,1916,Balance of Power
2557,1916,Balance of Power
2558,1916,Balance of Power
2559,1916,Balance of Power
2560,1916,Balance of Power
2561,1916,Balance of Power
2562,1916,Balance of Power
2563,1916,Balance of Power
2564,1916,Balance of Power
2565,1916,Balance of Power
2566,1917,Balance of Power
2567,1917,Balance of Power
2568,1917,Balance of Power
2569,1917,Balance of Power
2570,1917,Balance of Power
2571,1917,Balance of Power
2572,1917,Balance of Power
2573,1917,Balance of Power
2574,1917,Balance of Power
2575,1917,Balance of Power
2576,1917,Balance of Power
2577,1917,Balance of Power
2578,1917,Balance of Power
2579,1917,Balance of Power
2580,1917,Balance of Power
2581,1917,Balance of Power
2582,1917,Balance of Power
2583,1917,Balance of Power
2584,1917,Balance of Power
2585,1917,Balance of Power
2586,1917,Balance of Power
2587,1917,Balance of Power
2588,1917,Balance of Power
2589,1917,Balance of Power
2590,1917,Balance of Power
2591,1917,Balance of Power
2592,1917,Balance of Power
2593,1918,Balance of Power
2594,1918,Balance of Power
2595,1918,Balance of Power
2596,1918,Balance of Power
2597,1918,Balance of Power
2598,1918,Balance of Power
2599,1918,Balance of Power
2600,1918,Balance of Power
2601,1918,Balance of Power
2602,1918,Balance of Power
2603,1918,Balance of Power
2604,1918,Balance of Power
2605,1918,Balance of Power
2606,1918,Balance of Power
2607,1918,Balance of Power
2608,1918,Balance of Power
2609,1918,Balance of Power
2610,1918,Balance of Power
2611,1918,Balance of Power
2612,1918,Balance of Power
2613,1918,Balance of Power
